Name,Gender,Education
Zhang Xiaoming,Male,University
Wang Xiaohua,Male,Master's degree
Chen Xiaomei,Female,University
Li Xiaoqiang,Male,Master's degree
Liu Xiaoya,Female,University
Cai Xiaoguang,Male,University
Huang Xiaoyun,Female,Master's degree
Lin Xiaolong,Male,University
Wu Xiaohua,Female,Master's degree
Xu Xiaoming,Male,University
Zheng Xiaoqing,Female,University
Hong Xiaohong,Male,Master's degree
Ke Xiaoqian,Female,University
Jian Xiaowei,Male,Master's degree
Feng Xiaoqi,Female,University
Zeng Xiaoyang,Male,University
Tu Xiaoli,Female,Master's degree
Lai Xiaobin,Male,University
Deng Xiaoling,Female,University
He Xiaofang,Female,Master's degree
Liao Xiaoqiang,Male,University
Lu Xiaojuan,Female,Master's degree
He Xiaoxia,Female,University
Zhong Xiaohao,Male,University
Li Xiaoxue,Female,Master's degree
Ma Xiaoqiang,Male,University
Ding Xiaofang,Female,University
Shen Xiaoming,Male,Master's degree
Cao Xiaona,Female,University
Yao Xiaolong,Male,Master's degree
Shi Xiaozhen,Female,University
Han Xiaohua,Male,Master's degree
Guo Xiaofang,Female,University
Luo Xiaowei,Male,University
Yuan Xiaoyun,Female,Master's degree
Yang Xiaoming,Male,University
Huang Xiaojing,Female,University
Liang Xiaoqiang,Male,Master's degree
Guan Xiaomei,Female,Master's degree
Ou Xiaohua,Male,University
Tan Xiaofang,Female,Master's degree
Gong Xiaojuan,Female,University
Yan Xiaoqiang,Male,University
Fan Xiaoxue,Female,Master's degree
Fang Xiaohua,Male,University
Liu Xiaojuan,Female,Master's degree
Dai Xiaoyong,Male,University
Jiang Xiaohua,Female,Master's degree
Yu Xiaoqiang,Male,University
